<!--根节点为Spider-->
<Spider>
    <!--配置Download-->
    <Download>
        <!--字符集-->
        <Charset>gb2312</Charset>
        <!--每次爬取得休眠时间-->
        <SleepTime>5000</SleepTime>
        <!--重新爬取得时间-->
        <RetryTime>0</RetryTime>
        <!--爬取超时时间-->
        <TimeOut>5000</TimeOut>

        <!--静态页面抓取标签-->
        <StaticPage>
            <StartUrl>http://info.meadin.com/Index_1.shtml</StartUrl>
            <ContentUrl>http://info.meadin.com/Index_[0-9]*[1-9][0-9]*.shtml</ContentUrl>
        </StaticPage>

    </Download>
    <!--解析器配置
    根据静态网页的css树结构配置标签树
    -->
    <Processor>
        <Title>
            <listview symbol=".">
                <list symbol=".">
                    <h3 symbol="">
                        <a symbol="">
                        </a>
                    </h3>
                </list>
            </listview>
        </Title>

        <Info>
            <listview symbol=".">
                <list symbol=".">
                    <info symbol=".">
                    </info>
                </list>
            </listview>
        </Info>

        <Time>
            <listview symbol=".">
                <list symbol=".">
                    <clear.date symbol=".">
                        <fr.arial symbol=".">
                        </fr.arial>
                    </clear.date>
                </list>
            </listview>
        </Time>

        <Topic>
            <listview symbol=".">
                <list symbol=".">
                    <clear.date symbol=".">
                        <a symbol="">
                        </a>
                    </clear.date>
                </list>
            </listview>
        </Topic>

    </Processor>

    <!--持久化配置-->
    <Pipeline>
        <DBmapping>
            <TableName value="news">
                <!--<爬取得内容名（必须与Processor中子标签名完全相同）>映射到数据库表中的列名<爬取得内容名>-->
                <Title>title</Title>
                <Info>info</Info>
                <Time>time</Time>
                <Topic>topic</Topic>
            </TableName>
        </DBmapping>
    </Pipeline>

</Spider>